Date,Country,City,Specie,Value
1/1/2020,IN,Nagpur,so2,1.7
1/1/2020,IN,Nagpur,pm10,53
1/1/2020,IN,Nagpur,o3,5.7
1/1/2020,IN,Nagpur,pm25,87
1/1/2020,IN,Nagpur,no2,10.2
1/1/2020,IN,Nagpur,co,2.5
1/2/2020,IN,Nagpur,so2,2.5
1/2/2020,IN,Nagpur,pm10,51
1/2/2020,IN,Nagpur,o3,4.1
1/2/2020,IN,Nagpur,pm25,79
1/2/2020,IN,Nagpur,no2,16.4
1/2/2020,IN,Nagpur,co,3.9
1/3/2020,IN,Nagpur,so2,5.5
1/3/2020,IN,Nagpur,wind-speed,0.3
1/3/2020,IN,Nagpur,pm10,56
1/3/2020,IN,Nagpur,o3,3.7
1/3/2020,IN,Nagpur,pm25,120
1/3/2020,IN,Nagpur,no2,17.5
1/3/2020,IN,Nagpur,wind speed,0.3
1/3/2020,IN,Nagpur,co,4.8
1/3/2020,IN,Nagpur,dew,17
1/3/2020,IN,Nagpur,temperature,20
1/3/2020,IN,Nagpur,humidity,67
1/3/2020,IN,Nagpur,pressure,1016
1/4/2020,IN,Nagpur,so2,4.1
1/4/2020,IN,Nagpur,wind-speed,0.3
1/4/2020,IN,Nagpur,pm10,66
1/4/2020,IN,Nagpur,o3,3.1
1/4/2020,IN,Nagpur,pm25,136
1/4/2020,IN,Nagpur,no2,15.2
1/4/2020,IN,Nagpur,wind speed,0.3
1/4/2020,IN,Nagpur,co,5.9
1/4/2020,IN,Nagpur,dew,16
1/4/2020,IN,Nagpur,temperature,19.4
1/4/2020,IN,Nagpur,humidity,64.4
1/4/2020,IN,Nagpur,pressure,1015.5
1/5/2020,IN,Nagpur,so2,2.3
1/5/2020,IN,Nagpur,wind-speed,0.4
1/5/2020,IN,Nagpur,pm10,45
1/5/2020,IN,Nagpur,o3,8.8
1/5/2020,IN,Nagpur,pm25,84
1/5/2020,IN,Nagpur,no2,7.6
1/5/2020,IN,Nagpur,wind speed,0.4
1/5/2020,IN,Nagpur,co,1.2
1/5/2020,IN,Nagpur,dew,10.5
1/5/2020,IN,Nagpur,temperature,17.9
1/5/2020,IN,Nagpur,humidity,61.9
1/5/2020,IN,Nagpur,pressure,1017.5
1/6/2020,IN,Nagpur,so2,3.4
1/6/2020,IN,Nagpur,pm10,51
1/6/2020,IN,Nagpur,o3,5.9
1/6/2020,IN,Nagpur,pm25,81
1/6/2020,IN,Nagpur,no2,13.4
1/6/2020,IN,Nagpur,wind speed,0.4
1/6/2020,IN,Nagpur,co,3.2
1/6/2020,IN,Nagpur,dew,10.5
1/6/2020,IN,Nagpur,temperature,17.8
1/6/2020,IN,Nagpur,humidity,61.5
1/6/2020,IN,Nagpur,pressure,1019
1/7/2020,IN,Nagpur,so2,4.3
1/7/2020,IN,Nagpur,pm10,67
1/7/2020,IN,Nagpur,pm25,131
1/7/2020,IN,Nagpur,no2,24
1/7/2020,IN,Nagpur,wind speed,0.3
1/7/2020,IN,Nagpur,co,6.8
1/7/2020,IN,Nagpur,dew,14
1/7/2020,IN,Nagpur,temperature,17.2
1/7/2020,IN,Nagpur,humidity,65.3
1/7/2020,IN,Nagpur,pressure,1016.5
1/8/2020,IN,Nagpur,so2,2
1/8/2020,IN,Nagpur,pm10,70
1/8/2020,IN,Nagpur,o3,1.1
1/8/2020,IN,Nagpur,pm25,128
1/8/2020,IN,Nagpur,no2,18.7
1/8/2020,IN,Nagpur,wind speed,0.4
1/8/2020,IN,Nagpur,co,5.4
1/8/2020,IN,Nagpur,dew,16.5
1/8/2020,IN,Nagpur,temperature,19.8
1/8/2020,IN,Nagpur,humidity,65.9
1/8/2020,IN,Nagpur,pressure,1014
1/9/2020,IN,Nagpur,so2,2.2
1/9/2020,IN,Nagpur,pm10,56
1/9/2020,IN,Nagpur,o3,8.2
1/9/2020,IN,Nagpur,pm25,112
1/9/2020,IN,Nagpur,no2,15.3
1/9/2020,IN,Nagpur,wind speed,0.4
1/9/2020,IN,Nagpur,co,2.8
1/9/2020,IN,Nagpur,dew,14
1/9/2020,IN,Nagpur,temperature,19.4
1/9/2020,IN,Nagpur,humidity,65.8
1/9/2020,IN,Nagpur,pressure,1016
1/10/2020,IN,Nagpur,so2,2.2
1/10/2020,IN,Nagpur,pm10,47
1/10/2020,IN,Nagpur,o3,17.5
1/10/2020,IN,Nagpur,pm25,66
1/10/2020,IN,Nagpur,no2,16.4
1/10/2020,IN,Nagpur,wind speed,0.4
1/10/2020,IN,Nagpur,co,2.8
1/10/2020,IN,Nagpur,dew,7
1/10/2020,IN,Nagpur,temperature,18.1
1/10/2020,IN,Nagpur,humidity,61.8
1/10/2020,IN,Nagpur,pressure,1018
1/11/2020,IN,Nagpur,so2,2.7
1/11/2020,IN,Nagpur,pm10,49
1/11/2020,IN,Nagpur,o3,11.8
1/11/2020,IN,Nagpur,pm25,68
1/11/2020,IN,Nagpur,no2,17.9
1/11/2020,IN,Nagpur,wind speed,0.4
1/11/2020,IN,Nagpur,co,3
1/11/2020,IN,Nagpur,dew,6.5
1/11/2020,IN,Nagpur,temperature,16.7
1/11/2020,IN,Nagpur,humidity,58.5
1/11/2020,IN,Nagpur,pressure,1019
1/12/2020,IN,Nagpur,so2,1.7
1/12/2020,IN,Nagpur,pm10,59
1/12/2020,IN,Nagpur,o3,1.8
1/12/2020,IN,Nagpur,pm25,834
1/12/2020,IN,Nagpur,no2,17.1
1/12/2020,IN,Nagpur,wind speed,0.4
1/12/2020,IN,Nagpur,co,3.7
1/12/2020,IN,Nagpur,dew,7
1/12/2020,IN,Nagpur,temperature,16.3
1/12/2020,IN,Nagpur,humidity,57.8
1/12/2020,IN,Nagpur,pressure,1017
1/13/2020,IN,Nagpur,so2,8.1
1/13/2020,IN,Nagpur,pm10,64
1/13/2020,IN,Nagpur,o3,5.8
1/13/2020,IN,Nagpur,pm25,166
1/13/2020,IN,Nagpur,no2,37.3
1/13/2020,IN,Nagpur,wind speed,0.4
1/13/2020,IN,Nagpur,co,7.8
1/13/2020,IN,Nagpur,dew,7.5
1/13/2020,IN,Nagpur,temperature,18.5
1/13/2020,IN,Nagpur,humidity,61.4
1/13/2020,IN,Nagpur,pressure,1014
1/14/2020,IN,Nagpur,so2,5.8
1/14/2020,IN,Nagpur,pm10,70
1/14/2020,IN,Nagpur,o3,0.9
1/14/2020,IN,Nagpur,pm25,132
1/14/2020,IN,Nagpur,no2,26.8
1/14/2020,IN,Nagpur,wind speed,0.3
1/14/2020,IN,Nagpur,co,5.4
1/14/2020,IN,Nagpur,dew,10.5
1/14/2020,IN,Nagpur,temperature,17.1
1/14/2020,IN,Nagpur,humidity,57.6
1/14/2020,IN,Nagpur,pressure,1014
1/15/2020,IN,Nagpur,so2,3.3
1/15/2020,IN,Nagpur,pm10,75
1/15/2020,IN,Nagpur,o3,2.3
1/15/2020,IN,Nagpur,pm25,136
1/15/2020,IN,Nagpur,no2,18
1/15/2020,IN,Nagpur,wind speed,0.3
1/15/2020,IN,Nagpur,co,4.3
1/15/2020,IN,Nagpur,dew,15.5
1/15/2020,IN,Nagpur,temperature,18.3
1/15/2020,IN,Nagpur,humidity,56.2
1/15/2020,IN,Nagpur,pressure,1014
1/16/2020,IN,Nagpur,so2,2.3
1/16/2020,IN,Nagpur,pm10,63
1/16/2020,IN,Nagpur,o3,0.5
1/16/2020,IN,Nagpur,pm25,117
1/16/2020,IN,Nagpur,no2,17.2
1/16/2020,IN,Nagpur,wind speed,0.2
1/16/2020,IN,Nagpur,co,5.2
1/16/2020,IN,Nagpur,dew,14.5
1/16/2020,IN,Nagpur,temperature,19.4
1/16/2020,IN,Nagpur,humidity,56.1
1/16/2020,IN,Nagpur,pressure,1013.5
1/17/2020,IN,Nagpur,so2,3.1
1/17/2020,IN,Nagpur,pm10,61
1/17/2020,IN,Nagpur,o3,8.8
1/17/2020,IN,Nagpur,pm25,96
1/17/2020,IN,Nagpur,no2,16.3
1/17/2020,IN,Nagpur,wind speed,0.4
1/17/2020,IN,Nagpur,co,6.5
1/17/2020,IN,Nagpur,dew,15
1/17/2020,IN,Nagpur,temperature,21.8
1/17/2020,IN,Nagpur,humidity,59.2
1/17/2020,IN,Nagpur,pressure,1014.5
1/18/2020,IN,Nagpur,so2,2
1/18/2020,IN,Nagpur,pm10,58
1/18/2020,IN,Nagpur,o3,6
1/18/2020,IN,Nagpur,pm25,92
1/18/2020,IN,Nagpur,no2,11.2
1/18/2020,IN,Nagpur,wind speed,0.3
1/18/2020,IN,Nagpur,co,4.2
1/18/2020,IN,Nagpur,dew,17
1/18/2020,IN,Nagpur,temperature,19.1
1/18/2020,IN,Nagpur,humidity,57.1
1/18/2020,IN,Nagpur,pressure,1015.5
1/19/2020,IN,Nagpur,so2,2.2
1/19/2020,IN,Nagpur,pm10,60
1/19/2020,IN,Nagpur,o3,9
1/19/2020,IN,Nagpur,pm25,158
1/19/2020,IN,Nagpur,no2,9.4
1/19/2020,IN,Nagpur,wind speed,0.6
1/19/2020,IN,Nagpur,co,2.6
1/19/2020,IN,Nagpur,dew,16
1/19/2020,IN,Nagpur,temperature,19.6
1/19/2020,IN,Nagpur,humidity,55.6
1/19/2020,IN,Nagpur,pressure,1016
1/20/2020,IN,Nagpur,so2,2.3
1/20/2020,IN,Nagpur,pm10,45
1/20/2020,IN,Nagpur,o3,12.2
1/20/2020,IN,Nagpur,pm25,130
1/20/2020,IN,Nagpur,no2,10.5
1/20/2020,IN,Nagpur,wind speed,0.4
1/20/2020,IN,Nagpur,co,3.8
1/20/2020,IN,Nagpur,dew,11
1/20/2020,IN,Nagpur,temperature,18.9
1/20/2020,IN,Nagpur,humidity,53.2
1/20/2020,IN,Nagpur,pressure,1017
1/21/2020,IN,Nagpur,so2,3.2
1/21/2020,IN,Nagpur,pm10,71
1/21/2020,IN,Nagpur,o3,2
1/21/2020,IN,Nagpur,pm25,137
1/21/2020,IN,Nagpur,no2,16.2
1/21/2020,IN,Nagpur,wind speed,0.3
1/21/2020,IN,Nagpur,co,6.8
1/21/2020,IN,Nagpur,dew,15.5
1/21/2020,IN,Nagpur,temperature,24.9
1/21/2020,IN,Nagpur,humidity,51.8
1/21/2020,IN,Nagpur,pressure,1017.5
1/22/2020,IN,Nagpur,so2,2.2
1/22/2020,IN,Nagpur,pm10,75
1/22/2020,IN,Nagpur,o3,0.7
1/22/2020,IN,Nagpur,pm25,125
1/22/2020,IN,Nagpur,no2,29.5
1/22/2020,IN,Nagpur,wind speed,0.3
1/22/2020,IN,Nagpur,co,5.9
1/22/2020,IN,Nagpur,dew,18
1/22/2020,IN,Nagpur,temperature,20.6
1/22/2020,IN,Nagpur,humidity,48.5
1/22/2020,IN,Nagpur,pressure,1017.5
1/23/2020,IN,Nagpur,so2,1.9
1/23/2020,IN,Nagpur,pm10,60
1/23/2020,IN,Nagpur,o3,8.7
1/23/2020,IN,Nagpur,pm25,109
1/23/2020,IN,Nagpur,no2,13.6
1/23/2020,IN,Nagpur,wind speed,0.6
1/23/2020,IN,Nagpur,co,2.2
1/23/2020,IN,Nagpur,dew,18
1/23/2020,IN,Nagpur,temperature,17.2
1/23/2020,IN,Nagpur,humidity,49.7
1/23/2020,IN,Nagpur,pressure,1017.5
1/24/2020,IN,Nagpur,so2,3.3
1/24/2020,IN,Nagpur,pm10,54
1/24/2020,IN,Nagpur,o3,13.4
1/24/2020,IN,Nagpur,pm25,73
1/24/2020,IN,Nagpur,no2,21.2
1/24/2020,IN,Nagpur,wind speed,0.4
1/24/2020,IN,Nagpur,co,5.1
1/24/2020,IN,Nagpur,dew,11.5
1/24/2020,IN,Nagpur,temperature,20.2
1/24/2020,IN,Nagpur,humidity,46.3
1/24/2020,IN,Nagpur,pressure,1017.5
1/25/2020,IN,Nagpur,so2,2.9
1/25/2020,IN,Nagpur,pm10,63
1/25/2020,IN,Nagpur,o3,1.6
1/25/2020,IN,Nagpur,pm25,122
1/25/2020,IN,Nagpur,no2,21.8
1/25/2020,IN,Nagpur,wind speed,0.3
1/25/2020,IN,Nagpur,co,5.2
1/25/2020,IN,Nagpur,dew,13.5
1/25/2020,IN,Nagpur,temperature,19.6
1/25/2020,IN,Nagpur,humidity,48.1
1/25/2020,IN,Nagpur,pressure,1016
1/26/2020,IN,Nagpur,so2,3.2
1/26/2020,IN,Nagpur,pm10,47
1/26/2020,IN,Nagpur,o3,6.3
1/26/2020,IN,Nagpur,pm25,93
1/26/2020,IN,Nagpur,no2,16.7
1/26/2020,IN,Nagpur,wind speed,0.3
1/26/2020,IN,Nagpur,co,3.9
1/26/2020,IN,Nagpur,dew,11
1/26/2020,IN,Nagpur,temperature,19.5
1/26/2020,IN,Nagpur,humidity,45.3
1/26/2020,IN,Nagpur,pressure,1014.5
1/27/2020,IN,Nagpur,so2,2.7
1/27/2020,IN,Nagpur,pm10,52
1/27/2020,IN,Nagpur,o3,1.6
1/27/2020,IN,Nagpur,pm25,77
1/27/2020,IN,Nagpur,no2,28.6
1/27/2020,IN,Nagpur,wind speed,0.3
1/27/2020,IN,Nagpur,co,6.3
1/27/2020,IN,Nagpur,dew,11.5
1/27/2020,IN,Nagpur,temperature,21.4
1/27/2020,IN,Nagpur,humidity,48.4
1/27/2020,IN,Nagpur,pressure,1013
1/28/2020,IN,Nagpur,so2,2.1
1/28/2020,IN,Nagpur,pm10,57
1/28/2020,IN,Nagpur,o3,3.7
1/28/2020,IN,Nagpur,pm25,103
1/28/2020,IN,Nagpur,no2,22.2
1/28/2020,IN,Nagpur,wind speed,0.2
1/28/2020,IN,Nagpur,co,5.4
1/28/2020,IN,Nagpur,dew,16.5
1/28/2020,IN,Nagpur,temperature,21.1
1/28/2020,IN,Nagpur,humidity,48.9
1/28/2020,IN,Nagpur,pressure,1011.5
1/29/2020,IN,Nagpur,so2,2.4
1/29/2020,IN,Nagpur,pm10,47
1/29/2020,IN,Nagpur,o3,8.7
1/29/2020,IN,Nagpur,pm25,75
1/29/2020,IN,Nagpur,no2,15.9
1/29/2020,IN,Nagpur,wind speed,0.2
1/29/2020,IN,Nagpur,co,2.8
1/29/2020,IN,Nagpur,dew,12.5
1/29/2020,IN,Nagpur,temperature,20.5
1/29/2020,IN,Nagpur,humidity,48.8
1/29/2020,IN,Nagpur,pressure,1014.5
1/30/2020,IN,Nagpur,so2,2.8
1/30/2020,IN,Nagpur,pm10,41
1/30/2020,IN,Nagpur,o3,16.2
1/30/2020,IN,Nagpur,pm25,56
1/30/2020,IN,Nagpur,no2,13.1
1/30/2020,IN,Nagpur,wind speed,0.3
1/30/2020,IN,Nagpur,co,2.5
1/30/2020,IN,Nagpur,dew,9.5
1/30/2020,IN,Nagpur,temperature,20
1/30/2020,IN,Nagpur,humidity,46.2
1/30/2020,IN,Nagpur,pressure,1016
1/31/2020,IN,Nagpur,so2,3
1/31/2020,IN,Nagpur,pm10,39
1/31/2020,IN,Nagpur,o3,24
1/31/2020,IN,Nagpur,pm25,66
1/31/2020,IN,Nagpur,no2,11.6
1/31/2020,IN,Nagpur,wind speed,0.5
1/31/2020,IN,Nagpur,co,3.2
1/31/2020,IN,Nagpur,dew,7
1/31/2020,IN,Nagpur,temperature,19.6
1/31/2020,IN,Nagpur,humidity,43.1
1/31/2020,IN,Nagpur,pressure,1015
2/1/2020,IN,Nagpur,so2,3.3
2/1/2020,IN,Nagpur,pm10,50
2/1/2020,IN,Nagpur,o3,16.1
2/1/2020,IN,Nagpur,pm25,77
2/1/2020,IN,Nagpur,no2,16.5
2/1/2020,IN,Nagpur,wind speed,0.6
2/1/2020,IN,Nagpur,co,3
2/1/2020,IN,Nagpur,dew,9
2/1/2020,IN,Nagpur,temperature,19.8
2/1/2020,IN,Nagpur,humidity,43.7
2/1/2020,IN,Nagpur,pressure,1016.5
2/2/2020,IN,Nagpur,so2,4
2/2/2020,IN,Nagpur,pm10,47
2/2/2020,IN,Nagpur,o3,17
2/2/2020,IN,Nagpur,pm25,59
2/2/2020,IN,Nagpur,no2,12.9
2/2/2020,IN,Nagpur,wind speed,0.5
2/2/2020,IN,Nagpur,co,2.5
2/2/2020,IN,Nagpur,dew,8
2/2/2020,IN,Nagpur,temperature,18.5
2/2/2020,IN,Nagpur,humidity,45.1
2/2/2020,IN,Nagpur,pressure,1018
2/3/2020,IN,Nagpur,so2,5.6
2/3/2020,IN,Nagpur,pm10,56
2/3/2020,IN,Nagpur,o3,10.2
2/3/2020,IN,Nagpur,pm25,151
2/3/2020,IN,Nagpur,no2,23.1
2/3/2020,IN,Nagpur,wind speed,0.6
2/3/2020,IN,Nagpur,co,5
2/3/2020,IN,Nagpur,dew,12
2/3/2020,IN,Nagpur,temperature,21
2/3/2020,IN,Nagpur,humidity,45.9
2/3/2020,IN,Nagpur,pressure,1017
2/4/2020,IN,Nagpur,so2,3.9
2/4/2020,IN,Nagpur,pm10,68
2/4/2020,IN,Nagpur,o3,5.5
2/4/2020,IN,Nagpur,pm25,133
2/4/2020,IN,Nagpur,no2,21.1
2/4/2020,IN,Nagpur,wind speed,0.8
2/4/2020,IN,Nagpur,co,5.3
2/4/2020,IN,Nagpur,dew,18
2/4/2020,IN,Nagpur,temperature,22.2
2/4/2020,IN,Nagpur,humidity,53.6
2/4/2020,IN,Nagpur,pressure,1014.5
2/5/2020,IN,Nagpur,so2,4.7
2/5/2020,IN,Nagpur,pm10,70
2/5/2020,IN,Nagpur,o3,2.8
2/5/2020,IN,Nagpur,pm25,135
2/5/2020,IN,Nagpur,no2,18.8
2/5/2020,IN,Nagpur,wind speed,1.2
2/5/2020,IN,Nagpur,co,8.4
2/5/2020,IN,Nagpur,dew,14
2/5/2020,IN,Nagpur,temperature,19
2/5/2020,IN,Nagpur,humidity,62
2/5/2020,IN,Nagpur,pressure,1015
2/6/2020,IN,Nagpur,so2,4.1
2/6/2020,IN,Nagpur,pm10,59
2/6/2020,IN,Nagpur,o3,8.2
2/6/2020,IN,Nagpur,pm25,99
2/6/2020,IN,Nagpur,no2,15.1
2/6/2020,IN,Nagpur,wind speed,1
2/6/2020,IN,Nagpur,co,3.3
2/6/2020,IN,Nagpur,dew,15.5
2/6/2020,IN,Nagpur,temperature,19
2/6/2020,IN,Nagpur,humidity,54.2
2/6/2020,IN,Nagpur,pressure,1015
2/7/2020,IN,Nagpur,so2,4.5
2/7/2020,IN,Nagpur,pm10,52
2/7/2020,IN,Nagpur,o3,8.2
2/7/2020,IN,Nagpur,pm25,105
2/7/2020,IN,Nagpur,no2,13.8
2/7/2020,IN,Nagpur,wind speed,1
2/7/2020,IN,Nagpur,co,3
2/7/2020,IN,Nagpur,dew,17
2/7/2020,IN,Nagpur,temperature,18.5
2/7/2020,IN,Nagpur,humidity,47.6
2/7/2020,IN,Nagpur,pressure,1015.5
2/8/2020,IN,Nagpur,so2,2.9
2/8/2020,IN,Nagpur,pm10,50
2/8/2020,IN,Nagpur,o3,12.9
2/8/2020,IN,Nagpur,pm25,103
2/8/2020,IN,Nagpur,no2,10.4
2/8/2020,IN,Nagpur,wind speed,1.1
2/8/2020,IN,Nagpur,co,2.8
2/8/2020,IN,Nagpur,dew,15
2/8/2020,IN,Nagpur,temperature,19.9
2/8/2020,IN,Nagpur,humidity,55.2
2/8/2020,IN,Nagpur,pressure,1018
2/9/2020,IN,Nagpur,so2,2.2
2/9/2020,IN,Nagpur,pm10,47
2/9/2020,IN,Nagpur,o3,23
2/9/2020,IN,Nagpur,pm25,94
2/9/2020,IN,Nagpur,no2,12.5
2/9/2020,IN,Nagpur,wind speed,1.2
2/9/2020,IN,Nagpur,co,1.3
2/9/2020,IN,Nagpur,dew,8
2/9/2020,IN,Nagpur,temperature,15
2/9/2020,IN,Nagpur,humidity,60
2/9/2020,IN,Nagpur,pressure,1019.5
2/11/2020,IN,Nagpur,so2,9.7
2/11/2020,IN,Nagpur,pm10,64
2/11/2020,IN,Nagpur,o3,34.6
2/11/2020,IN,Nagpur,pm25,142
2/11/2020,IN,Nagpur,no2,22.4
2/11/2020,IN,Nagpur,co,6.1
2/12/2020,IN,Nagpur,so2,3.4
2/12/2020,IN,Nagpur,pm10,56
2/12/2020,IN,Nagpur,o3,12.1
2/12/2020,IN,Nagpur,pm25,114
2/12/2020,IN,Nagpur,no2,15.7
2/12/2020,IN,Nagpur,co,3.3
2/13/2020,IN,Nagpur,so2,2.6
2/13/2020,IN,Nagpur,pm10,38
2/13/2020,IN,Nagpur,o3,7.9
2/13/2020,IN,Nagpur,pm25,99
2/13/2020,IN,Nagpur,no2,14.3
2/13/2020,IN,Nagpur,co,2.4
2/14/2020,IN,Nagpur,so2,1.7
2/14/2020,IN,Nagpur,pm10,33
2/14/2020,IN,Nagpur,o3,6.6
2/14/2020,IN,Nagpur,pm25,71
2/14/2020,IN,Nagpur,no2,14.4
2/14/2020,IN,Nagpur,co,2.4
2/15/2020,IN,Nagpur,so2,5.4
2/15/2020,IN,Nagpur,pm10,55
2/15/2020,IN,Nagpur,o3,27.4
2/15/2020,IN,Nagpur,pm25,98
2/15/2020,IN,Nagpur,no2,22.3
2/15/2020,IN,Nagpur,co,3.9
2/16/2020,IN,Nagpur,so2,3.4
2/16/2020,IN,Nagpur,pm10,39
2/16/2020,IN,Nagpur,o3,9.1
2/16/2020,IN,Nagpur,pm25,86
2/16/2020,IN,Nagpur,no2,15
2/16/2020,IN,Nagpur,co,1.8
2/17/2020,IN,Nagpur,so2,5.6
2/17/2020,IN,Nagpur,pm10,80
2/17/2020,IN,Nagpur,o3,2.1
2/17/2020,IN,Nagpur,pm25,140
2/17/2020,IN,Nagpur,no2,52.5
2/17/2020,IN,Nagpur,co,32.9
2/18/2020,IN,Nagpur,so2,3.8
2/18/2020,IN,Nagpur,pm10,40
2/18/2020,IN,Nagpur,o3,10.3
2/18/2020,IN,Nagpur,pm25,77
2/18/2020,IN,Nagpur,no2,18.7
2/18/2020,IN,Nagpur,co,4
2/19/2020,IN,Nagpur,so2,5.6
2/19/2020,IN,Nagpur,pm10,49
2/19/2020,IN,Nagpur,o3,5.6
2/19/2020,IN,Nagpur,pm25,82
2/19/2020,IN,Nagpur,no2,19.4
2/19/2020,IN,Nagpur,co,3.7
2/20/2020,IN,Nagpur,so2,4.7
2/20/2020,IN,Nagpur,pm10,57
2/20/2020,IN,Nagpur,o3,7
2/20/2020,IN,Nagpur,pm25,105
2/20/2020,IN,Nagpur,no2,21
2/20/2020,IN,Nagpur,co,5.9
2/21/2020,IN,Nagpur,so2,2.8
2/21/2020,IN,Nagpur,pm10,57
2/21/2020,IN,Nagpur,o3,1.2
2/21/2020,IN,Nagpur,pm25,107
2/21/2020,IN,Nagpur,no2,13
2/21/2020,IN,Nagpur,co,3.4
2/22/2020,IN,Nagpur,so2,4.2
2/22/2020,IN,Nagpur,pm10,52
2/22/2020,IN,Nagpur,o3,11
2/22/2020,IN,Nagpur,pm25,89
2/22/2020,IN,Nagpur,no2,14.3
2/22/2020,IN,Nagpur,co,3.2
2/23/2020,IN,Nagpur,so2,4.3
2/23/2020,IN,Nagpur,pm10,45
2/23/2020,IN,Nagpur,o3,11.1
2/23/2020,IN,Nagpur,pm25,92
2/23/2020,IN,Nagpur,no2,11.7
2/23/2020,IN,Nagpur,co,2.9
2/24/2020,IN,Nagpur,so2,5.1
2/24/2020,IN,Nagpur,pm10,48
2/24/2020,IN,Nagpur,o3,15.1
2/24/2020,IN,Nagpur,pm25,99
2/24/2020,IN,Nagpur,no2,15.9
2/24/2020,IN,Nagpur,co,6.3
2/25/2020,IN,Nagpur,so2,3.2
2/25/2020,IN,Nagpur,pm10,52
2/25/2020,IN,Nagpur,o3,19.7
2/25/2020,IN,Nagpur,pm25,94
2/25/2020,IN,Nagpur,no2,12.2
2/25/2020,IN,Nagpur,wind speed,0.3
2/25/2020,IN,Nagpur,co,3.8
2/25/2020,IN,Nagpur,dew,7.5
2/25/2020,IN,Nagpur,temperature,23.7
2/25/2020,IN,Nagpur,humidity,37.6
2/25/2020,IN,Nagpur,pressure,1014
2/26/2020,IN,Nagpur,so2,8.3
2/26/2020,IN,Nagpur,pm10,45
2/26/2020,IN,Nagpur,o3,29.3
2/26/2020,IN,Nagpur,pm25,74
2/26/2020,IN,Nagpur,no2,21
2/26/2020,IN,Nagpur,wind speed,0.4
2/26/2020,IN,Nagpur,co,4.3
2/26/2020,IN,Nagpur,dew,7.5
2/26/2020,IN,Nagpur,temperature,25.3
2/26/2020,IN,Nagpur,humidity,46.3
2/26/2020,IN,Nagpur,pressure,1015
2/27/2020,IN,Nagpur,so2,23.6
2/27/2020,IN,Nagpur,pm10,58
2/27/2020,IN,Nagpur,o3,16
2/27/2020,IN,Nagpur,pm25,103
2/27/2020,IN,Nagpur,no2,43
2/27/2020,IN,Nagpur,wind speed,0.5
2/27/2020,IN,Nagpur,co,8.9
2/27/2020,IN,Nagpur,dew,10
2/27/2020,IN,Nagpur,temperature,25
2/27/2020,IN,Nagpur,humidity,43.7
2/27/2020,IN,Nagpur,pressure,1015
2/28/2020,IN,Nagpur,so2,7.3
2/28/2020,IN,Nagpur,pm10,62
2/28/2020,IN,Nagpur,o3,6.7
2/28/2020,IN,Nagpur,pm25,120
2/28/2020,IN,Nagpur,no2,22.1
2/28/2020,IN,Nagpur,wind speed,0.4
2/28/2020,IN,Nagpur,co,6.5
2/28/2020,IN,Nagpur,dew,11
2/28/2020,IN,Nagpur,temperature,23.5
2/28/2020,IN,Nagpur,humidity,40.2
2/28/2020,IN,Nagpur,pressure,1013.5
2/29/2020,IN,Nagpur,so2,7
2/29/2020,IN,Nagpur,pm10,55
2/29/2020,IN,Nagpur,o3,31.3
2/29/2020,IN,Nagpur,pm25,100
2/29/2020,IN,Nagpur,no2,17.4
2/29/2020,IN,Nagpur,wind speed,0.6
2/29/2020,IN,Nagpur,co,5.2
2/29/2020,IN,Nagpur,dew,12
2/29/2020,IN,Nagpur,temperature,24.6
2/29/2020,IN,Nagpur,humidity,47.8
2/29/2020,IN,Nagpur,pressure,1012.5
3/1/2020,IN,Nagpur,so2,6.5
3/1/2020,IN,Nagpur,pm10,53
3/1/2020,IN,Nagpur,o3,19.8
3/1/2020,IN,Nagpur,pm25,101
3/1/2020,IN,Nagpur,no2,15.2
3/1/2020,IN,Nagpur,wind speed,0.6
3/1/2020,IN,Nagpur,co,3.6
3/1/2020,IN,Nagpur,dew,13.5
3/1/2020,IN,Nagpur,temperature,23.6
3/1/2020,IN,Nagpur,humidity,42.2
3/1/2020,IN,Nagpur,pressure,1013
3/2/2020,IN,Nagpur,so2,4.7
3/2/2020,IN,Nagpur,pm10,50
3/2/2020,IN,Nagpur,o3,17.7
3/2/2020,IN,Nagpur,pm25,83
3/2/2020,IN,Nagpur,no2,17.1
3/2/2020,IN,Nagpur,wind speed,0.5
3/2/2020,IN,Nagpur,co,5.9
3/2/2020,IN,Nagpur,dew,14.5
3/2/2020,IN,Nagpur,temperature,24.4
3/2/2020,IN,Nagpur,humidity,44
3/2/2020,IN,Nagpur,pressure,1012.5
3/3/2020,IN,Nagpur,so2,5.1
3/3/2020,IN,Nagpur,pm10,60
3/3/2020,IN,Nagpur,o3,22.6
3/3/2020,IN,Nagpur,pm25,112
3/3/2020,IN,Nagpur,no2,20.6
3/3/2020,IN,Nagpur,wind speed,0.3
3/3/2020,IN,Nagpur,co,6.1
3/3/2020,IN,Nagpur,dew,6
3/3/2020,IN,Nagpur,temperature,24.9
3/3/2020,IN,Nagpur,humidity,42.9
3/3/2020,IN,Nagpur,pressure,1011
3/4/2020,IN,Nagpur,so2,3.8
3/4/2020,IN,Nagpur,pm10,51
3/4/2020,IN,Nagpur,o3,16.3
3/4/2020,IN,Nagpur,pm25,78
3/4/2020,IN,Nagpur,no2,17.6
3/4/2020,IN,Nagpur,wind speed,0.4
3/4/2020,IN,Nagpur,co,5
3/4/2020,IN,Nagpur,dew,9
3/4/2020,IN,Nagpur,temperature,23.1
3/4/2020,IN,Nagpur,humidity,48
3/4/2020,IN,Nagpur,pressure,1010
3/5/2020,IN,Nagpur,so2,2.5
3/5/2020,IN,Nagpur,pm10,57
3/5/2020,IN,Nagpur,o3,23.2
3/5/2020,IN,Nagpur,pm25,91
3/5/2020,IN,Nagpur,no2,32.6
3/5/2020,IN,Nagpur,wind speed,0.4
3/5/2020,IN,Nagpur,co,11.5
3/5/2020,IN,Nagpur,dew,9
3/5/2020,IN,Nagpur,temperature,27.6
3/5/2020,IN,Nagpur,humidity,48.2
3/5/2020,IN,Nagpur,pressure,1010
3/6/2020,IN,Nagpur,so2,0.9
3/6/2020,IN,Nagpur,pm10,53
3/6/2020,IN,Nagpur,o3,9.4
3/6/2020,IN,Nagpur,pm25,81
3/6/2020,IN,Nagpur,no2,21.7
3/6/2020,IN,Nagpur,wind speed,0.3
3/6/2020,IN,Nagpur,co,6
3/6/2020,IN,Nagpur,dew,11.5
3/6/2020,IN,Nagpur,temperature,23.9
3/6/2020,IN,Nagpur,humidity,42.6
3/6/2020,IN,Nagpur,pressure,1009.5
3/7/2020,IN,Nagpur,so2,1.3
3/7/2020,IN,Nagpur,pm10,62
3/7/2020,IN,Nagpur,o3,4.2
3/7/2020,IN,Nagpur,pm25,84
3/7/2020,IN,Nagpur,no2,20.4
3/7/2020,IN,Nagpur,wind speed,0.4
3/7/2020,IN,Nagpur,co,4.5
3/7/2020,IN,Nagpur,dew,12.5
3/7/2020,IN,Nagpur,temperature,23.1
3/7/2020,IN,Nagpur,humidity,41.9
3/7/2020,IN,Nagpur,pressure,1013
3/8/2020,IN,Nagpur,so2,1.1
3/8/2020,IN,Nagpur,pm10,48
3/8/2020,IN,Nagpur,o3,22.3
3/8/2020,IN,Nagpur,pm25,74
3/8/2020,IN,Nagpur,no2,12.8
3/8/2020,IN,Nagpur,wind speed,0.5
3/8/2020,IN,Nagpur,co,2.2
3/8/2020,IN,Nagpur,dew,13
3/8/2020,IN,Nagpur,temperature,24.6
3/8/2020,IN,Nagpur,humidity,45.8
3/8/2020,IN,Nagpur,pressure,1014
3/9/2020,IN,Nagpur,dew,15
3/9/2020,IN,Nagpur,pressure,1012.5
3/10/2020,IN,Nagpur,dew,19.5
3/10/2020,IN,Nagpur,pressure,1011.5
3/11/2020,IN,Nagpur,so2,1
3/11/2020,IN,Nagpur,pm10,46
3/11/2020,IN,Nagpur,o3,0.9
3/11/2020,IN,Nagpur,pm25,77
3/11/2020,IN,Nagpur,no2,33.8
3/11/2020,IN,Nagpur,wind speed,0.3
3/11/2020,IN,Nagpur,co,15.7
3/11/2020,IN,Nagpur,dew,16.5
3/11/2020,IN,Nagpur,temperature,26.8
3/11/2020,IN,Nagpur,humidity,46.2
3/11/2020,IN,Nagpur,pressure,1011
3/12/2020,IN,Nagpur,so2,0.9
3/12/2020,IN,Nagpur,pm10,32
3/12/2020,IN,Nagpur,o3,11.4
3/12/2020,IN,Nagpur,pm25,66
3/12/2020,IN,Nagpur,no2,18.7
3/12/2020,IN,Nagpur,wind speed,0.4
3/12/2020,IN,Nagpur,co,4.6
3/12/2020,IN,Nagpur,dew,16.5
3/12/2020,IN,Nagpur,temperature,25.1
3/12/2020,IN,Nagpur,humidity,46.1
3/12/2020,IN,Nagpur,pressure,1012.5
3/13/2020,IN,Nagpur,so2,0.5
3/13/2020,IN,Nagpur,pm10,41
3/13/2020,IN,Nagpur,o3,2.2
3/13/2020,IN,Nagpur,pm25,72
3/13/2020,IN,Nagpur,no2,14.2
3/13/2020,IN,Nagpur,wind speed,0.3
3/13/2020,IN,Nagpur,co,1.7
3/13/2020,IN,Nagpur,dew,19
3/13/2020,IN,Nagpur,temperature,19.4
3/13/2020,IN,Nagpur,humidity,42.4
3/13/2020,IN,Nagpur,pressure,1013
3/14/2020,IN,Nagpur,dew,17
3/14/2020,IN,Nagpur,pressure,1013
3/15/2020,IN,Nagpur,dew,11
3/15/2020,IN,Nagpur,pressure,1013.5
3/16/2020,IN,Nagpur,so2,2.9
3/16/2020,IN,Nagpur,pm10,50
3/16/2020,IN,Nagpur,o3,30.6
3/16/2020,IN,Nagpur,pm25,99
3/16/2020,IN,Nagpur,no2,22.6
3/16/2020,IN,Nagpur,wind speed,0.5
3/16/2020,IN,Nagpur,co,6.6
3/16/2020,IN,Nagpur,dew,14
3/16/2020,IN,Nagpur,temperature,28.9
3/16/2020,IN,Nagpur,humidity,52.2
3/16/2020,IN,Nagpur,pressure,1014
3/17/2020,IN,Nagpur,so2,2
3/17/2020,IN,Nagpur,pm10,50
3/17/2020,IN,Nagpur,o3,20.9
3/17/2020,IN,Nagpur,pm25,79
3/17/2020,IN,Nagpur,no2,15.9
3/17/2020,IN,Nagpur,wind speed,0.5
3/17/2020,IN,Nagpur,co,3.5
3/17/2020,IN,Nagpur,dew,15
3/17/2020,IN,Nagpur,temperature,23.3
3/17/2020,IN,Nagpur,humidity,47.9
3/17/2020,IN,Nagpur,pressure,1014.5
3/18/2020,IN,Nagpur,so2,2.1
3/18/2020,IN,Nagpur,pm10,46
3/18/2020,IN,Nagpur,o3,11.7
3/18/2020,IN,Nagpur,pm25,77
3/18/2020,IN,Nagpur,no2,21.8
3/18/2020,IN,Nagpur,wind speed,0.5
3/18/2020,IN,Nagpur,co,6.5
3/18/2020,IN,Nagpur,dew,19
3/18/2020,IN,Nagpur,temperature,26.9
3/18/2020,IN,Nagpur,humidity,43.5
3/18/2020,IN,Nagpur,pressure,1014.5
3/19/2020,IN,Nagpur,so2,1
3/19/2020,IN,Nagpur,pm10,45
3/19/2020,IN,Nagpur,o3,17.8
3/19/2020,IN,Nagpur,pm25,85
3/19/2020,IN,Nagpur,no2,20.7
3/19/2020,IN,Nagpur,wind speed,0.6
3/19/2020,IN,Nagpur,co,5.9
3/19/2020,IN,Nagpur,dew,16.5
3/19/2020,IN,Nagpur,temperature,26.2
3/19/2020,IN,Nagpur,humidity,43.4
3/19/2020,IN,Nagpur,pressure,1012.5
3/20/2020,IN,Nagpur,so2,1.9
3/20/2020,IN,Nagpur,pm10,44
3/20/2020,IN,Nagpur,o3,28.2
3/20/2020,IN,Nagpur,pm25,74
3/20/2020,IN,Nagpur,no2,17.3
3/20/2020,IN,Nagpur,wind speed,0.6
3/20/2020,IN,Nagpur,co,6.8
3/20/2020,IN,Nagpur,dew,16
3/20/2020,IN,Nagpur,temperature,29.3
3/20/2020,IN,Nagpur,humidity,51.1
3/20/2020,IN,Nagpur,pressure,1012
3/21/2020,IN,Nagpur,so2,1.2
3/21/2020,IN,Nagpur,pm10,37
3/21/2020,IN,Nagpur,o3,16.9
3/21/2020,IN,Nagpur,pm25,66
3/21/2020,IN,Nagpur,no2,12.9
3/21/2020,IN,Nagpur,wind speed,0.3
3/21/2020,IN,Nagpur,co,3.1
3/21/2020,IN,Nagpur,dew,15.5
3/21/2020,IN,Nagpur,temperature,25
3/21/2020,IN,Nagpur,humidity,43.8
3/21/2020,IN,Nagpur,pressure,1011.5
3/22/2020,IN,Nagpur,so2,1.1
3/22/2020,IN,Nagpur,pm10,37
3/22/2020,IN,Nagpur,o3,18.5
3/22/2020,IN,Nagpur,pm25,66
3/22/2020,IN,Nagpur,no2,11
3/22/2020,IN,Nagpur,wind speed,0.4
3/22/2020,IN,Nagpur,co,2.1
3/22/2020,IN,Nagpur,dew,11
3/22/2020,IN,Nagpur,temperature,24.5
3/22/2020,IN,Nagpur,humidity,42
3/22/2020,IN,Nagpur,pressure,1012.5
3/23/2020,IN,Nagpur,so2,0.9
3/23/2020,IN,Nagpur,pm10,40
3/23/2020,IN,Nagpur,o3,14
3/23/2020,IN,Nagpur,pm25,70
3/23/2020,IN,Nagpur,no2,14.1
3/23/2020,IN,Nagpur,wind speed,0.3
3/23/2020,IN,Nagpur,co,3.6
3/23/2020,IN,Nagpur,dew,12
3/23/2020,IN,Nagpur,temperature,26.5
3/23/2020,IN,Nagpur,humidity,46
3/23/2020,IN,Nagpur,pressure,1012
3/24/2020,IN,Nagpur,so2,0.7
3/24/2020,IN,Nagpur,wind gust,8.2
3/24/2020,IN,Nagpur,pm10,37
3/24/2020,IN,Nagpur,o3,15.5
3/24/2020,IN,Nagpur,pm25,74
3/24/2020,IN,Nagpur,no2,10.2
3/24/2020,IN,Nagpur,wind speed,0.3
3/24/2020,IN,Nagpur,co,3
3/24/2020,IN,Nagpur,dew,15
3/24/2020,IN,Nagpur,temperature,24.2
3/24/2020,IN,Nagpur,humidity,47.3
3/24/2020,IN,Nagpur,pressure,1011
3/25/2020,IN,Nagpur,so2,0.8
3/25/2020,IN,Nagpur,wind gust,11.3
3/25/2020,IN,Nagpur,pm10,32
3/25/2020,IN,Nagpur,o3,11.8
3/25/2020,IN,Nagpur,pm25,58
3/25/2020,IN,Nagpur,no2,46.4
3/25/2020,IN,Nagpur,wind speed,0.6
3/25/2020,IN,Nagpur,co,4.2
3/25/2020,IN,Nagpur,dew,16
3/25/2020,IN,Nagpur,temperature,26.1
3/25/2020,IN,Nagpur,humidity,45.3
3/25/2020,IN,Nagpur,pressure,1011
3/26/2020,IN,Nagpur,so2,0.5
3/26/2020,IN,Nagpur,pm10,38
3/26/2020,IN,Nagpur,o3,8.2
3/26/2020,IN,Nagpur,pm25,63
3/26/2020,IN,Nagpur,no2,20.9
3/26/2020,IN,Nagpur,wind speed,0.4
3/26/2020,IN,Nagpur,co,2.2
3/26/2020,IN,Nagpur,dew,20
3/26/2020,IN,Nagpur,temperature,26.9
3/26/2020,IN,Nagpur,humidity,43.4
3/26/2020,IN,Nagpur,pressure,1013
3/27/2020,IN,Nagpur,so2,0.6
3/27/2020,IN,Nagpur,pm10,37
3/27/2020,IN,Nagpur,o3,17.6
3/27/2020,IN,Nagpur,pm25,70
3/27/2020,IN,Nagpur,no2,11
3/27/2020,IN,Nagpur,wind speed,0.4
3/27/2020,IN,Nagpur,co,3
3/27/2020,IN,Nagpur,dew,18.5
3/27/2020,IN,Nagpur,temperature,25.8
3/27/2020,IN,Nagpur,humidity,48.8
3/27/2020,IN,Nagpur,pressure,1012.5
3/28/2020,IN,Nagpur,so2,0.9
3/28/2020,IN,Nagpur,pm10,33
3/28/2020,IN,Nagpur,o3,15.8
3/28/2020,IN,Nagpur,pm25,72
3/28/2020,IN,Nagpur,no2,11.2
3/28/2020,IN,Nagpur,wind speed,0.3
3/28/2020,IN,Nagpur,co,2.9
3/28/2020,IN,Nagpur,dew,18
3/28/2020,IN,Nagpur,temperature,29.1
3/28/2020,IN,Nagpur,humidity,49.2
3/28/2020,IN,Nagpur,pressure,1013
3/29/2020,IN,Nagpur,so2,0.7
3/29/2020,IN,Nagpur,wind gust,12.8
3/29/2020,IN,Nagpur,pm10,31
3/29/2020,IN,Nagpur,o3,21.1
3/29/2020,IN,Nagpur,pm25,64
3/29/2020,IN,Nagpur,no2,9.1
3/29/2020,IN,Nagpur,wind speed,0.5
3/29/2020,IN,Nagpur,co,2.5
3/29/2020,IN,Nagpur,dew,17
3/29/2020,IN,Nagpur,temperature,26.8
3/29/2020,IN,Nagpur,humidity,44.7
3/29/2020,IN,Nagpur,pressure,1012
3/30/2020,IN,Nagpur,so2,0.5
3/30/2020,IN,Nagpur,wind-speed,0.5
3/30/2020,IN,Nagpur,pm10,23
3/30/2020,IN,Nagpur,o3,12.4
3/30/2020,IN,Nagpur,pm25,61
3/30/2020,IN,Nagpur,no2,11.2
3/30/2020,IN,Nagpur,wind speed,0.5
3/30/2020,IN,Nagpur,co,3.6
3/30/2020,IN,Nagpur,dew,18
3/30/2020,IN,Nagpur,temperature,29.2
3/30/2020,IN,Nagpur,humidity,51.7
3/30/2020,IN,Nagpur,pressure,1013
3/31/2020,IN,Nagpur,so2,0.5
3/31/2020,IN,Nagpur,wind-speed,0.4
3/31/2020,IN,Nagpur,pm10,22
3/31/2020,IN,Nagpur,o3,23.2
3/31/2020,IN,Nagpur,pm25,55
3/31/2020,IN,Nagpur,no2,8.7
3/31/2020,IN,Nagpur,wind speed,0.4
3/31/2020,IN,Nagpur,co,2.4
3/31/2020,IN,Nagpur,dew,16
3/31/2020,IN,Nagpur,temperature,29.4
3/31/2020,IN,Nagpur,humidity,47.5
3/31/2020,IN,Nagpur,pressure,1012
4/1/2020,IN,Nagpur,so2,0.5
4/1/2020,IN,Nagpur,wind-speed,0.4
4/1/2020,IN,Nagpur,pm10,28
4/1/2020,IN,Nagpur,o3,14.9
4/1/2020,IN,Nagpur,pm25,53
4/1/2020,IN,Nagpur,no2,9.4
4/1/2020,IN,Nagpur,co,2.7
4/1/2020,IN,Nagpur,dew,14
4/1/2020,IN,Nagpur,temperature,29.5
4/1/2020,IN,Nagpur,humidity,47.4
4/1/2020,IN,Nagpur,pressure,1011
4/2/2020,IN,Nagpur,so2,0.7
4/2/2020,IN,Nagpur,wind-speed,0.3
4/2/2020,IN,Nagpur,pm10,42
4/2/2020,IN,Nagpur,o3,18.6
4/2/2020,IN,Nagpur,pm25,71
4/2/2020,IN,Nagpur,no2,6
4/2/2020,IN,Nagpur,co,2.7
4/2/2020,IN,Nagpur,dew,10.5
4/2/2020,IN,Nagpur,temperature,30.6
4/2/2020,IN,Nagpur,humidity,49.6
4/2/2020,IN,Nagpur,pressure,1009.5
4/3/2020,IN,Nagpur,so2,1
4/3/2020,IN,Nagpur,wind-speed,0.5
4/3/2020,IN,Nagpur,pm10,50
4/3/2020,IN,Nagpur,o3,29.2
4/3/2020,IN,Nagpur,pm25,77
4/3/2020,IN,Nagpur,no2,5.4
4/3/2020,IN,Nagpur,wind-gust,12.8
4/3/2020,IN,Nagpur,co,2.7
4/3/2020,IN,Nagpur,dew,16
4/3/2020,IN,Nagpur,temperature,30.8
4/3/2020,IN,Nagpur,humidity,50.9
4/3/2020,IN,Nagpur,pressure,1011
4/4/2020,IN,Nagpur,so2,0.8
4/4/2020,IN,Nagpur,wind-speed,0.5
4/4/2020,IN,Nagpur,pm10,44
4/4/2020,IN,Nagpur,o3,20.4
4/4/2020,IN,Nagpur,pm25,80
4/4/2020,IN,Nagpur,no2,5.4
4/4/2020,IN,Nagpur,co,2.9
4/4/2020,IN,Nagpur,dew,19
4/4/2020,IN,Nagpur,temperature,27.6
4/4/2020,IN,Nagpur,humidity,44.7
4/4/2020,IN,Nagpur,pressure,1012
4/5/2020,IN,Nagpur,so2,0.6
4/5/2020,IN,Nagpur,wind-speed,0.5
4/5/2020,IN,Nagpur,pm10,28
4/5/2020,IN,Nagpur,o3,12.1
4/5/2020,IN,Nagpur,pm25,63
4/5/2020,IN,Nagpur,no2,5.6
4/5/2020,IN,Nagpur,co,3.8
4/5/2020,IN,Nagpur,dew,17
4/5/2020,IN,Nagpur,temperature,26.2
4/5/2020,IN,Nagpur,humidity,49.6
4/5/2020,IN,Nagpur,pressure,1013
4/6/2020,IN,Nagpur,dew,15
4/6/2020,IN,Nagpur,pressure,1012
4/7/2020,IN,Nagpur,so2,0.5
4/7/2020,IN,Nagpur,wind-speed,0.5
4/7/2020,IN,Nagpur,pm10,38
4/7/2020,IN,Nagpur,o3,15.8
4/7/2020,IN,Nagpur,pm25,79
4/7/2020,IN,Nagpur,no2,5.9
4/7/2020,IN,Nagpur,co,3.8
4/7/2020,IN,Nagpur,dew,15
4/7/2020,IN,Nagpur,temperature,28
4/7/2020,IN,Nagpur,humidity,51.3
4/7/2020,IN,Nagpur,pressure,1010
4/8/2020,IN,Nagpur,so2,0.8
4/8/2020,IN,Nagpur,wind-speed,0.4
4/8/2020,IN,Nagpur,pm10,39
4/8/2020,IN,Nagpur,o3,13.1
4/8/2020,IN,Nagpur,pm25,60
4/8/2020,IN,Nagpur,no2,9.5
4/8/2020,IN,Nagpur,co,4.1
4/8/2020,IN,Nagpur,dew,7
4/8/2020,IN,Nagpur,temperature,27.6
4/8/2020,IN,Nagpur,humidity,41.6
4/8/2020,IN,Nagpur,pressure,1010
4/9/2020,IN,Nagpur,so2,1.2
4/9/2020,IN,Nagpur,wind-speed,0.4
4/9/2020,IN,Nagpur,pm10,45
4/9/2020,IN,Nagpur,o3,26.5
4/9/2020,IN,Nagpur,pm25,70
4/9/2020,IN,Nagpur,no2,8.6
4/9/2020,IN,Nagpur,co,4.8
4/9/2020,IN,Nagpur,dew,6
4/9/2020,IN,Nagpur,temperature,29.5
4/9/2020,IN,Nagpur,humidity,44.2
4/9/2020,IN,Nagpur,pressure,1010
4/10/2020,IN,Nagpur,so2,1
4/10/2020,IN,Nagpur,wind-speed,0.5
4/10/2020,IN,Nagpur,pm10,44
4/10/2020,IN,Nagpur,o3,23.6
4/10/2020,IN,Nagpur,pm25,71
4/10/2020,IN,Nagpur,no2,8.7
4/10/2020,IN,Nagpur,co,3.7
4/10/2020,IN,Nagpur,dew,13
4/10/2020,IN,Nagpur,temperature,31.5
4/10/2020,IN,Nagpur,humidity,47.8
4/10/2020,IN,Nagpur,pressure,1012
4/11/2020,IN,Nagpur,so2,1.1
4/11/2020,IN,Nagpur,wind-speed,0.4
4/11/2020,IN,Nagpur,pm10,40
4/11/2020,IN,Nagpur,o3,24.3
4/11/2020,IN,Nagpur,pm25,66
4/11/2020,IN,Nagpur,no2,7.8
4/11/2020,IN,Nagpur,co,3.3
4/11/2020,IN,Nagpur,dew,12
4/11/2020,IN,Nagpur,temperature,30.5
4/11/2020,IN,Nagpur,humidity,46.6
4/11/2020,IN,Nagpur,pressure,1014
4/12/2020,IN,Nagpur,so2,0.7
4/12/2020,IN,Nagpur,wind-speed,0.3
4/12/2020,IN,Nagpur,pm10,53
4/12/2020,IN,Nagpur,o3,25.6
4/12/2020,IN,Nagpur,pm25,75
4/12/2020,IN,Nagpur,no2,7.7
4/12/2020,IN,Nagpur,co,4.1
4/12/2020,IN,Nagpur,dew,12
4/12/2020,IN,Nagpur,temperature,32.6
4/12/2020,IN,Nagpur,humidity,50.3
4/12/2020,IN,Nagpur,pressure,1011
4/13/2020,IN,Nagpur,so2,0.8
4/13/2020,IN,Nagpur,wind-speed,0.3
4/13/2020,IN,Nagpur,pm10,51
4/13/2020,IN,Nagpur,o3,19.6
4/13/2020,IN,Nagpur,pm25,82
4/13/2020,IN,Nagpur,no2,7.9
4/13/2020,IN,Nagpur,co,5
4/13/2020,IN,Nagpur,dew,13
4/13/2020,IN,Nagpur,temperature,32.2
4/13/2020,IN,Nagpur,humidity,48.4
4/13/2020,IN,Nagpur,pressure,1010
4/14/2020,IN,Nagpur,so2,0.7
4/14/2020,IN,Nagpur,wind-speed,0.4
4/14/2020,IN,Nagpur,pm10,49
4/14/2020,IN,Nagpur,o3,24.3
4/14/2020,IN,Nagpur,pm25,78
4/14/2020,IN,Nagpur,no2,7.8
4/14/2020,IN,Nagpur,co,3.5
4/14/2020,IN,Nagpur,dew,11
4/14/2020,IN,Nagpur,temperature,33
4/14/2020,IN,Nagpur,humidity,50.3
4/14/2020,IN,Nagpur,pressure,1010
4/15/2020,IN,Nagpur,so2,0.8
4/15/2020,IN,Nagpur,wind-speed,0.6
4/15/2020,IN,Nagpur,pm10,41
4/15/2020,IN,Nagpur,o3,36.1
4/15/2020,IN,Nagpur,pm25,72
4/15/2020,IN,Nagpur,no2,7.9
4/15/2020,IN,Nagpur,co,3.9
4/15/2020,IN,Nagpur,dew,13
4/15/2020,IN,Nagpur,temperature,33.3
4/15/2020,IN,Nagpur,humidity,50.7
4/15/2020,IN,Nagpur,pressure,1012
4/16/2020,IN,Nagpur,so2,0.6
4/16/2020,IN,Nagpur,wind-speed,0.3
4/16/2020,IN,Nagpur,pm10,35
4/16/2020,IN,Nagpur,o3,22.3
4/16/2020,IN,Nagpur,pm25,60
4/16/2020,IN,Nagpur,no2,8.1
4/16/2020,IN,Nagpur,co,4.2
4/16/2020,IN,Nagpur,dew,13
4/16/2020,IN,Nagpur,temperature,30.6
4/16/2020,IN,Nagpur,humidity,47.4
4/16/2020,IN,Nagpur,pressure,1009
4/17/2020,IN,Nagpur,so2,0.8
4/17/2020,IN,Nagpur,wind-speed,0.3
4/17/2020,IN,Nagpur,pm10,51
4/17/2020,IN,Nagpur,o3,17.5
4/17/2020,IN,Nagpur,pm25,85
4/17/2020,IN,Nagpur,no2,7.8
4/17/2020,IN,Nagpur,co,3.8
4/17/2020,IN,Nagpur,dew,8
4/17/2020,IN,Nagpur,temperature,32.5
4/17/2020,IN,Nagpur,humidity,49.1
4/17/2020,IN,Nagpur,pressure,1008
4/18/2020,IN,Nagpur,so2,1.1
4/18/2020,IN,Nagpur,wind-speed,0.5
4/18/2020,IN,Nagpur,pm10,55
4/18/2020,IN,Nagpur,o3,23.7
4/18/2020,IN,Nagpur,pm25,87
4/18/2020,IN,Nagpur,no2,8.6
4/18/2020,IN,Nagpur,co,4.4
4/18/2020,IN,Nagpur,dew,12
4/18/2020,IN,Nagpur,temperature,34.4
4/18/2020,IN,Nagpur,humidity,53.2
4/18/2020,IN,Nagpur,pressure,1009
4/19/2020,IN,Nagpur,so2,0.7
4/19/2020,IN,Nagpur,wind-speed,0.5
4/19/2020,IN,Nagpur,pm10,28
4/19/2020,IN,Nagpur,o3,20.2
4/19/2020,IN,Nagpur,pm25,64
4/19/2020,IN,Nagpur,no2,6.7
4/19/2020,IN,Nagpur,co,3.3
4/19/2020,IN,Nagpur,dew,17
4/19/2020,IN,Nagpur,temperature,30.8
4/19/2020,IN,Nagpur,humidity,48.4
4/19/2020,IN,Nagpur,pressure,1010
4/20/2020,IN,Nagpur,so2,0.6
4/20/2020,IN,Nagpur,wind-speed,0.4
4/20/2020,IN,Nagpur,pm10,35
4/20/2020,IN,Nagpur,o3,17.7
4/20/2020,IN,Nagpur,pm25,69
4/20/2020,IN,Nagpur,no2,7.1
4/20/2020,IN,Nagpur,co,2.3
4/20/2020,IN,Nagpur,dew,15
4/20/2020,IN,Nagpur,temperature,0
4/20/2020,IN,Nagpur,humidity,47.5
4/20/2020,IN,Nagpur,pressure,1009
4/21/2020,IN,Nagpur,so2,0.6
4/21/2020,IN,Nagpur,wind-speed,0.5
4/21/2020,IN,Nagpur,pm10,28
4/21/2020,IN,Nagpur,o3,29.3
4/21/2020,IN,Nagpur,pm25,54
4/21/2020,IN,Nagpur,no2,6.9
4/21/2020,IN,Nagpur,co,4.1
4/21/2020,IN,Nagpur,dew,8
4/21/2020,IN,Nagpur,temperature,37.9
4/21/2020,IN,Nagpur,humidity,61.7
4/21/2020,IN,Nagpur,pressure,1008
4/22/2020,IN,Nagpur,so2,1
4/22/2020,IN,Nagpur,wind-speed,0.4
4/22/2020,IN,Nagpur,pm10,46
4/22/2020,IN,Nagpur,o3,22.2
4/22/2020,IN,Nagpur,pm25,85
4/22/2020,IN,Nagpur,no2,8.5
4/22/2020,IN,Nagpur,co,4.1
4/22/2020,IN,Nagpur,dew,11.5
4/22/2020,IN,Nagpur,temperature,34
4/22/2020,IN,Nagpur,humidity,53.8
4/22/2020,IN,Nagpur,pressure,1008
4/23/2020,IN,Nagpur,so2,0.8
4/23/2020,IN,Nagpur,wind-speed,0.3
4/23/2020,IN,Nagpur,pm10,42
4/23/2020,IN,Nagpur,o3,11.4
4/23/2020,IN,Nagpur,pm25,68
4/23/2020,IN,Nagpur,no2,8.2
4/23/2020,IN,Nagpur,co,4.7
4/23/2020,IN,Nagpur,dew,15
4/23/2020,IN,Nagpur,temperature,33.1
4/23/2020,IN,Nagpur,humidity,52.9
4/23/2020,IN,Nagpur,pressure,1007
4/24/2020,IN,Nagpur,so2,0.7
4/24/2020,IN,Nagpur,wind-speed,0.3
4/24/2020,IN,Nagpur,pm10,42
4/24/2020,IN,Nagpur,o3,13.7
4/24/2020,IN,Nagpur,pm25,69
4/24/2020,IN,Nagpur,no2,8.5
4/24/2020,IN,Nagpur,co,4.3
4/24/2020,IN,Nagpur,dew,9
4/24/2020,IN,Nagpur,temperature,33
4/24/2020,IN,Nagpur,humidity,52
4/24/2020,IN,Nagpur,pressure,1006
4/25/2020,IN,Nagpur,so2,0.6
4/25/2020,IN,Nagpur,wind-speed,0.3
4/25/2020,IN,Nagpur,pm10,30
4/25/2020,IN,Nagpur,o3,21.2
4/25/2020,IN,Nagpur,pm25,57
4/25/2020,IN,Nagpur,no2,6.4
4/25/2020,IN,Nagpur,co,2.6
4/25/2020,IN,Nagpur,dew,7
4/25/2020,IN,Nagpur,temperature,34
4/25/2020,IN,Nagpur,humidity,53.8
4/25/2020,IN,Nagpur,pressure,1006
4/26/2020,IN,Nagpur,so2,0.8
4/26/2020,IN,Nagpur,wind-speed,0.4
4/26/2020,IN,Nagpur,pm10,32
4/26/2020,IN,Nagpur,o3,21.4
4/26/2020,IN,Nagpur,pm25,50
4/26/2020,IN,Nagpur,no2,5
4/26/2020,IN,Nagpur,co,2.8
4/26/2020,IN,Nagpur,dew,7
4/26/2020,IN,Nagpur,temperature,32.3
4/26/2020,IN,Nagpur,humidity,53.2
4/26/2020,IN,Nagpur,pressure,1007
4/27/2020,IN,Nagpur,so2,1.1
4/27/2020,IN,Nagpur,wind-speed,0.7
4/27/2020,IN,Nagpur,pm10,39
4/27/2020,IN,Nagpur,o3,19.8
4/27/2020,IN,Nagpur,pm25,71
4/27/2020,IN,Nagpur,no2,8
4/27/2020,IN,Nagpur,co,3.1
4/27/2020,IN,Nagpur,dew,18
4/27/2020,IN,Nagpur,temperature,31.6
4/27/2020,IN,Nagpur,humidity,49
4/27/2020,IN,Nagpur,pressure,1010
4/28/2020,IN,Nagpur,so2,0.7
4/28/2020,IN,Nagpur,wind-speed,0.4
4/28/2020,IN,Nagpur,pm10,25
4/28/2020,IN,Nagpur,o3,13.6
4/28/2020,IN,Nagpur,pm25,60
4/28/2020,IN,Nagpur,no2,8.3
4/28/2020,IN,Nagpur,co,3.2
4/28/2020,IN,Nagpur,dew,19
4/28/2020,IN,Nagpur,temperature,28.2
4/28/2020,IN,Nagpur,humidity,41
4/28/2020,IN,Nagpur,pressure,1011
4/29/2020,IN,Nagpur,so2,0.7
4/29/2020,IN,Nagpur,wind-speed,0.3
4/29/2020,IN,Nagpur,pm10,30
4/29/2020,IN,Nagpur,o3,8.4
4/29/2020,IN,Nagpur,pm25,71
4/29/2020,IN,Nagpur,no2,9.4
4/29/2020,IN,Nagpur,co,3.7
4/29/2020,IN,Nagpur,dew,17
4/29/2020,IN,Nagpur,temperature,31.4
4/29/2020,IN,Nagpur,humidity,48.5
4/29/2020,IN,Nagpur,pressure,1009
4/30/2020,IN,Nagpur,so2,0.8
4/30/2020,IN,Nagpur,wind-speed,0.4
4/30/2020,IN,Nagpur,pm10,52
4/30/2020,IN,Nagpur,o3,9.7
4/30/2020,IN,Nagpur,pm25,87
4/30/2020,IN,Nagpur,no2,11
4/30/2020,IN,Nagpur,co,5.9
4/30/2020,IN,Nagpur,dew,17
4/30/2020,IN,Nagpur,temperature,31.7
4/30/2020,IN,Nagpur,humidity,51.2
4/30/2020,IN,Nagpur,pressure,1009
5/1/2020,IN,Nagpur,so2,0.7
5/1/2020,IN,Nagpur,wind-speed,0.4
5/1/2020,IN,Nagpur,pm10,39
5/1/2020,IN,Nagpur,o3,7.7
5/1/2020,IN,Nagpur,pm25,90
5/1/2020,IN,Nagpur,no2,11.1
5/1/2020,IN,Nagpur,co,4.5
5/1/2020,IN,Nagpur,dew,16
5/1/2020,IN,Nagpur,temperature,30.9
5/1/2020,IN,Nagpur,humidity,46.3
5/1/2020,IN,Nagpur,pressure,1009
5/2/2020,IN,Nagpur,so2,0.9
5/2/2020,IN,Nagpur,wind-speed,0.3
5/2/2020,IN,Nagpur,pm10,49
5/2/2020,IN,Nagpur,o3,11.3
5/2/2020,IN,Nagpur,pm25,104
5/2/2020,IN,Nagpur,no2,10.3
5/2/2020,IN,Nagpur,co,4.8
5/2/2020,IN,Nagpur,dew,14
5/2/2020,IN,Nagpur,temperature,31.7
5/2/2020,IN,Nagpur,humidity,47.9
5/2/2020,IN,Nagpur,pressure,1006
5/3/2020,IN,Nagpur,so2,0.7
5/3/2020,IN,Nagpur,wind-speed,0.3
5/3/2020,IN,Nagpur,pm10,33
5/3/2020,IN,Nagpur,o3,13.6
5/3/2020,IN,Nagpur,pm25,83
5/3/2020,IN,Nagpur,no2,8.1
5/3/2020,IN,Nagpur,co,3
5/3/2020,IN,Nagpur,dew,7
5/3/2020,IN,Nagpur,temperature,33.1
5/3/2020,IN,Nagpur,humidity,51.1
5/3/2020,IN,Nagpur,pressure,1006
5/4/2020,IN,Nagpur,so2,0.8
5/4/2020,IN,Nagpur,wind-speed,0.3
5/4/2020,IN,Nagpur,pm10,38
5/4/2020,IN,Nagpur,o3,13.2
5/4/2020,IN,Nagpur,pm25,66
5/4/2020,IN,Nagpur,no2,8.4
5/4/2020,IN,Nagpur,co,3.8
5/4/2020,IN,Nagpur,dew,9
5/4/2020,IN,Nagpur,temperature,33.5
5/4/2020,IN,Nagpur,humidity,53.3
5/4/2020,IN,Nagpur,pressure,1006
5/5/2020,IN,Nagpur,so2,0.8
5/5/2020,IN,Nagpur,wind-speed,0.5
5/5/2020,IN,Nagpur,pm10,37
5/5/2020,IN,Nagpur,o3,25.4
5/5/2020,IN,Nagpur,pm25,85
5/5/2020,IN,Nagpur,no2,6.8
5/5/2020,IN,Nagpur,co,3.1
5/5/2020,IN,Nagpur,dew,14
5/5/2020,IN,Nagpur,temperature,35.5
5/5/2020,IN,Nagpur,humidity,55.7
5/5/2020,IN,Nagpur,pressure,1007
5/6/2020,IN,Nagpur,wind-gust,7.7
5/6/2020,IN,Nagpur,dew,17
5/6/2020,IN,Nagpur,pressure,1008
5/7/2020,IN,Nagpur,so2,0.7
5/7/2020,IN,Nagpur,wind-speed,0.6
5/7/2020,IN,Nagpur,pm10,25
5/7/2020,IN,Nagpur,o3,26.2
5/7/2020,IN,Nagpur,pm25,65
5/7/2020,IN,Nagpur,no2,6.8
5/7/2020,IN,Nagpur,co,3.1
5/7/2020,IN,Nagpur,dew,18
5/7/2020,IN,Nagpur,temperature,34.4
5/7/2020,IN,Nagpur,humidity,52.9
5/7/2020,IN,Nagpur,pressure,1009
5/8/2020,IN,Nagpur,so2,0.6
5/8/2020,IN,Nagpur,wind-speed,0.6
5/8/2020,IN,Nagpur,pm10,28
5/8/2020,IN,Nagpur,o3,27.7
5/8/2020,IN,Nagpur,pm25,74
5/8/2020,IN,Nagpur,no2,6.8
5/8/2020,IN,Nagpur,co,3.1
5/8/2020,IN,Nagpur,dew,17
5/8/2020,IN,Nagpur,temperature,33.9
5/8/2020,IN,Nagpur,humidity,51.7
5/8/2020,IN,Nagpur,pressure,1008
5/9/2020,IN,Nagpur,so2,0.9
5/9/2020,IN,Nagpur,wind-speed,0.5
5/9/2020,IN,Nagpur,pm10,30
5/9/2020,IN,Nagpur,o3,23.3
5/9/2020,IN,Nagpur,pm25,75
5/9/2020,IN,Nagpur,no2,6.7
5/9/2020,IN,Nagpur,co,2.9
5/9/2020,IN,Nagpur,dew,16
5/9/2020,IN,Nagpur,temperature,34.1
5/9/2020,IN,Nagpur,humidity,52.7
5/9/2020,IN,Nagpur,pressure,1009
5/10/2020,IN,Nagpur,so2,0.7
5/10/2020,IN,Nagpur,wind-speed,0.7
5/10/2020,IN,Nagpur,pm10,25
5/10/2020,IN,Nagpur,o3,34.6
5/10/2020,IN,Nagpur,pm25,56
5/10/2020,IN,Nagpur,no2,5.3
5/10/2020,IN,Nagpur,wind-gust,12.8
5/10/2020,IN,Nagpur,co,2.2
5/10/2020,IN,Nagpur,dew,15
5/10/2020,IN,Nagpur,temperature,33.8
5/10/2020,IN,Nagpur,humidity,51.9
5/10/2020,IN,Nagpur,pressure,1009
5/11/2020,IN,Nagpur,so2,0.5
5/11/2020,IN,Nagpur,wind-speed,0.3
5/11/2020,IN,Nagpur,pm10,17
5/11/2020,IN,Nagpur,o3,33.1
5/11/2020,IN,Nagpur,pm25,44
5/11/2020,IN,Nagpur,no2,7
5/11/2020,IN,Nagpur,co,2.7
5/11/2020,IN,Nagpur,dew,13
5/11/2020,IN,Nagpur,temperature,34.7
5/11/2020,IN,Nagpur,humidity,53.4
5/11/2020,IN,Nagpur,pressure,1011
5/12/2020,IN,Nagpur,so2,0.7
5/12/2020,IN,Nagpur,wind-speed,0.4
5/12/2020,IN,Nagpur,pm10,28
5/12/2020,IN,Nagpur,o3,19.7
5/12/2020,IN,Nagpur,pm25,70
5/12/2020,IN,Nagpur,no2,8.2
5/12/2020,IN,Nagpur,co,3.7
5/12/2020,IN,Nagpur,dew,14
5/12/2020,IN,Nagpur,temperature,34.9
5/12/2020,IN,Nagpur,humidity,53.6
5/12/2020,IN,Nagpur,pressure,1008
5/13/2020,IN,Nagpur,so2,0.9
5/13/2020,IN,Nagpur,wind-speed,0.7
5/13/2020,IN,Nagpur,pm10,29
5/13/2020,IN,Nagpur,o3,23.3
5/13/2020,IN,Nagpur,pm25,64
5/13/2020,IN,Nagpur,no2,7.6
5/13/2020,IN,Nagpur,co,2.7
5/13/2020,IN,Nagpur,dew,20
5/13/2020,IN,Nagpur,temperature,31.7
5/13/2020,IN,Nagpur,humidity,48.4
5/13/2020,IN,Nagpur,pressure,1008
5/14/2020,IN,Nagpur,so2,0.7
5/14/2020,IN,Nagpur,wind-speed,0.3
5/14/2020,IN,Nagpur,pm10,28
5/14/2020,IN,Nagpur,o3,21.7
5/14/2020,IN,Nagpur,pm25,68
5/14/2020,IN,Nagpur,no2,9.1
5/14/2020,IN,Nagpur,co,3.6
5/14/2020,IN,Nagpur,dew,18
5/14/2020,IN,Nagpur,temperature,34.9
5/14/2020,IN,Nagpur,humidity,53.7
5/14/2020,IN,Nagpur,pressure,1008
5/15/2020,IN,Nagpur,so2,0.7
5/15/2020,IN,Nagpur,wind-speed,0.4
5/15/2020,IN,Nagpur,pm10,32
5/15/2020,IN,Nagpur,o3,25.8
5/15/2020,IN,Nagpur,pm25,62
5/15/2020,IN,Nagpur,no2,8.4
5/15/2020,IN,Nagpur,co,3.5
5/15/2020,IN,Nagpur,dew,16
5/15/2020,IN,Nagpur,temperature,35.5
5/15/2020,IN,Nagpur,humidity,54.6
5/15/2020,IN,Nagpur,pressure,1006
5/16/2020,IN,Nagpur,so2,0.9
5/16/2020,IN,Nagpur,wind-speed,0.6
5/16/2020,IN,Nagpur,pm10,31
5/16/2020,IN,Nagpur,o3,29.4
5/16/2020,IN,Nagpur,pm25,68
5/16/2020,IN,Nagpur,no2,6.8
5/16/2020,IN,Nagpur,co,3.5
5/16/2020,IN,Nagpur,dew,18
5/16/2020,IN,Nagpur,temperature,36.2
5/16/2020,IN,Nagpur,humidity,55.9
5/16/2020,IN,Nagpur,pressure,1006
5/17/2020,IN,Nagpur,so2,0.9
5/17/2020,IN,Nagpur,wind-speed,0.5
5/17/2020,IN,Nagpur,pm10,24
5/17/2020,IN,Nagpur,o3,30.3
5/17/2020,IN,Nagpur,pm25,61
5/17/2020,IN,Nagpur,no2,6.6
5/17/2020,IN,Nagpur,co,3.8
5/17/2020,IN,Nagpur,dew,16
5/17/2020,IN,Nagpur,temperature,35.2
5/17/2020,IN,Nagpur,humidity,54.5
5/17/2020,IN,Nagpur,pressure,1005
5/18/2020,IN,Nagpur,so2,0.8
5/18/2020,IN,Nagpur,wind-speed,0.4
5/18/2020,IN,Nagpur,pm10,27
5/18/2020,IN,Nagpur,o3,27.9
5/18/2020,IN,Nagpur,pm25,62
5/18/2020,IN,Nagpur,no2,7
5/18/2020,IN,Nagpur,co,2.9
5/18/2020,IN,Nagpur,dew,17
5/18/2020,IN,Nagpur,temperature,35.5
5/18/2020,IN,Nagpur,humidity,53.6
5/18/2020,IN,Nagpur,pressure,1002
5/19/2020,IN,Nagpur,so2,0.9
5/19/2020,IN,Nagpur,wind-speed,0.4
5/19/2020,IN,Nagpur,pm10,29
5/19/2020,IN,Nagpur,o3,24.1
5/19/2020,IN,Nagpur,pm25,67
5/19/2020,IN,Nagpur,no2,7.8
5/19/2020,IN,Nagpur,co,3
5/19/2020,IN,Nagpur,dew,21
5/19/2020,IN,Nagpur,temperature,34
5/19/2020,IN,Nagpur,humidity,50.9
5/19/2020,IN,Nagpur,pressure,1001
5/20/2020,IN,Nagpur,so2,0.8
5/20/2020,IN,Nagpur,wind-speed,0.3
5/20/2020,IN,Nagpur,pm10,45
5/20/2020,IN,Nagpur,o3,21.4
5/20/2020,IN,Nagpur,pm25,78
5/20/2020,IN,Nagpur,no2,7.7
5/20/2020,IN,Nagpur,co,4.1
5/20/2020,IN,Nagpur,dew,19
5/20/2020,IN,Nagpur,temperature,31.9
5/20/2020,IN,Nagpur,humidity,47
5/20/2020,IN,Nagpur,pressure,1001
